img_file,context,generated_caption,clipscore_gpt4o,context_sim,article_text,clipscore,saliency,bertscore_r
"1599px-20191002_Fußball,_Männer,_UEFA_Champions_League,_RB_Leipzig_-_Olympique_Lyonnais_by_Stepro_StP_0278.jpg",Advertising,"A group of soccer players wearing blue Olympique Lyonnais uniforms celebrate a goal on the field, with one player jumping in the air and others embracing each other near the sideline. The background shows a crowd of spectators and sports advertisements.",0.7471907883882523,0.1405699849128723,"Advertising is a marketing communication that employs an openly sponsored, non-personal message to promote or sell a product, service or idea. Sponsors of advertising are typically businesses wishing to promote their products or services. Advertising is differentiated from public relations in that an advertiser pays for and has control over the message. It differs from personal selling in that the message is non-personal, i.e., not directed to a particular individual. Advertising is communicated through various mass media, including traditional media such as newspapers, magazines, television, radio, outdoor advertising or direct mail; and new media such as search results, blogs, social media, websites or text messages. The actual presentation of the message in a medium is referred to as an advertisement: advert or ad for short.",0.7471907883882523,0.07795161008834839,0.6590026021003723
"1599px-Georgios_Ntaviotis_&_Daniel_Souček,_U21_CZE-GRE_2019-10-10.jpg",Advertising,"Two soccer players are competing for the ball on a rainy field. The player in white from Greece is falling to the ground, while the player in red, wearing number 15, is standing and watching the ball.",0.8267129212617874,0.0977397859096527,"Advertising is a marketing communication that employs an openly sponsored, non-personal message to promote or sell a product, service or idea. Sponsors of advertising are typically businesses wishing to promote their products or services. Advertising is differentiated from public relations in that an advertiser pays for and has control over the message. It differs from personal selling in that the message is non-personal, i.e., not directed to a particular individual. Advertising is communicated through various mass media, including traditional media such as newspapers, magazines, television, radio, outdoor advertising or direct mail; and new media such as search results, blogs, social media, websites or text messages. The actual presentation of the message in a medium is referred to as an advertisement: advert or ad for short.",0.8267128467559814,0.17038768529891968,0.6427940726280212
"1599px-20180920_Fussball,_UEFA_Europa_League,_RB_Leipzig_-_FC_Salzburg_by_Stepro_StP_8051.jpg",Advertising,"Two soccer players in white jerseys from RB Leipzig are involved in a match, with one player attempting to tackle another wearing a red jersey who is seated on the grass, while a referee watches the action in the background.",0.8914926648139954,0.1361628770828247,"Advertising is a marketing communication that employs an openly sponsored, non-personal message to promote or sell a product, service or idea. Sponsors of advertising are typically businesses wishing to promote their products or services. Advertising is differentiated from public relations in that an advertiser pays for and has control over the message. It differs from personal selling in that the message is non-personal, i.e., not directed to a particular individual. Advertising is communicated through various mass media, including traditional media such as newspapers, magazines, television, radio, outdoor advertising or direct mail; and new media such as search results, blogs, social media, websites or text messages. The actual presentation of the message in a medium is referred to as an advertisement: advert or ad for short.",0.8914930373430252,0.02256404235959053,0.6386406421661377
"1600px-2019-11-28_14_40_55_A_dinner_table_laid_out_for_Thanksgiving_Dinner_in_the_Parkway_Village_section_of_Ewing_Township,_Mercer_County,_New_Jersey.jpg",American cuisine,"A dining table is set for a meal with a variety of dishes including sliced turkey, peas, mashed potatoes, a green salad, deviled eggs, and cranberry sauce, all on a plaid tablecloth. Red plastic cups and white dinner plates are arranged at each place setting.",0.8469849079847336,0.3621209263801574,"American cuisine is primarily Western in origin, but has been significantly influenced by indigenous American Indians, African Americans, Asians, Pacific Islanders, and many other cultures and ethnicities, reflecting the history of the United States.",0.8469849079847336,0.23427164554595947,0.7055655121803284
Earth_to_Table_DInner_with_Gunnar_Karl_Gíslason_(15640694895).jpg,American cuisine,"Chefs are busy in a professional kitchen, closely collaborating as they carefully arrange food on a long row of plates, preparing multiple identical dishes. The kitchen is well-equipped, bustling with activity, and the chefs are focused on their task.",0.7675421983003616,0.306918203830719,"American cuisine is primarily Western in origin, but has been significantly influenced by indigenous American Indians, African Americans, Asians, Pacific Islanders, and many other cultures and ethnicities, reflecting the history of the United States.",0.7675421237945557,0.2686084508895874,0.6939767003059387
"Thanksgiving_Dinner_Table,_Broward_County_Florida,_1971_02.jpg",American cuisine,"A dining table is set with a large roasted turkey as the centerpiece, surrounded by floral china plates, glassware, and a flower arrangement. A person is opening a bottle of champagne, and bookshelves filled with books are in the background under a blue pendant lamp.",1.0009519755840302,0.2042550146579742,"American cuisine is primarily Western in origin, but has been significantly influenced by indigenous American Indians, African Americans, Asians, Pacific Islanders, and many other cultures and ethnicities, reflecting the history of the United States.",1.000952124595642,0.10841216146945953,0.6999300718307495
"Oberaargletscher_from_Oberaar,_2010_07.jpeg",Body of water,"A glacier flows between steep, rocky mountains under a cloudy sky, leading into a greenish, glacier-fed lake in the foreground. Snow and ice are visible on the peaks and along the glacier's path, while the dark clouds lend a dramatic atmosphere to the scene.",0.8620770275592804,0.2257533967494964,"A body of water or waterbody (often spelled water body) is any significant accumulation of water, generally on a planet's surface. The term most often refers to oceans, seas, and lakes, but it includes smaller pools of water such as ponds, wetlands, or more rarely, puddles. A body of water does not have to be still or contained; rivers, streams, canals, and other geographical features where water moves from one place to another are also considered bodies of water.",0.8620771765708923,0.05214773863554001,0.6986868977546692
river.jpeg,Body of water,"A panoramic view showcases a lush, green valley with a winding river bordered by dense forests. In the background, cloud-covered mountains create a dramatic and tranquil landscape.",0.6653564423322678,0.1830538213253021,"A body of water or waterbody (often spelled water body) is any significant accumulation of water, generally on a planet's surface. The term most often refers to oceans, seas, and lakes, but it includes smaller pools of water such as ponds, wetlands, or more rarely, puddles. A body of water does not have to be still or contained; rivers, streams, canals, and other geographical features where water moves from one place to another are also considered bodies of water.",0.6653564423322678,0.2180483043193817,0.65964674949646
"Lago_de_Como,_Italia,_2016-06-25,_DD_02-06_PAN.jpeg",Body of water,"A scenic view of a large lake surrounded by mountains and greenery, with small towns nestled along the lake's edges. The sky is partly cloudy, adding depth to the landscape.",0.6532013416290283,0.2898988723754883,"A body of water or waterbody (often spelled water body) is any significant accumulation of water, generally on a planet's surface. The term most often refers to oceans, seas, and lakes, but it includes smaller pools of water such as ponds, wetlands, or more rarely, puddles. A body of water does not have to be still or contained; rivers, streams, canals, and other geographical features where water moves from one place to another are also considered bodies of water.",0.6532014906406403,0.08545190095901489,0.6866375803947449
Dreifaltigkeitskirche_süd.jpg,Building material,"A red brick church with a tall bell tower and pointed steeple, topped with a weather vane, stands under a clear blue sky. In the foreground, there is a cemetery with various gravestones of different shapes and colors.",0.6671639531850815,0.2332133203744888,"Building material is material used for construction. Many naturally occurring substances, such as clay, rocks, sand and wood, even twigs and leaves, have been used to construct buildings. Apart from naturally occurring materials, many man-made products are in use, some more and some less synthetic. The manufacturing of building materials is an established industry in many countries and the use of these materials is typically segmented into specific specialty trades, such as carpentry, insulation, plumbing, and roofing work. They provide the make-up of habitats and structures including homes.",0.6671639531850815,0.30106180906295776,0.6867542266845703
"1443px-Iglesia_Nova_Gracanica,_Trebinje,_Bosnia_y_Herzegovina,_2014-04-14,_DD_04.jpg",Building material,"The image shows a Serbian Orthodox church built in a traditional Byzantine style, characterized by its red and tan brick patterns, multiple domes, and gold crosses atop the domes. The church is set against a partly cloudy sky with a paved open area in the foreground.",0.8645977079868317,0.1897817105054855,"Building material is material used for construction. Many naturally occurring substances, such as clay, rocks, sand and wood, even twigs and leaves, have been used to construct buildings. Apart from naturally occurring materials, many man-made products are in use, some more and some less synthetic. The manufacturing of building materials is an established industry in many countries and the use of these materials is typically segmented into specific specialty trades, such as carpentry, insulation, plumbing, and roofing work. They provide the make-up of habitats and structures including homes.",0.8645978569984436,0.3196571469306946,0.69927978515625
1599px-Paris_Notre-Dame_East_View_02.jpeg,Building material,"The image shows the rear view of Notre-Dame Cathedral in Paris, featuring its ornate Gothic architecture and spire, surrounded by lush trees and a garden. A stone fountain with a statue stands in the foreground under a clear blue sky.",0.9380723536014556,0.0948218405246734,"Building material is material used for construction. Many naturally occurring substances, such as clay, rocks, sand and wood, even twigs and leaves, have been used to construct buildings. Apart from naturally occurring materials, many man-made products are in use, some more and some less synthetic. The manufacturing of building materials is an established industry in many countries and the use of these materials is typically segmented into specific specialty trades, such as carpentry, insulation, plumbing, and roofing work. They provide the make-up of habitats and structures including homes.",0.9380726516246796,0.18793261051177979,0.684750497341156
"1443px-Iglesia_Nova_Gracanica,_Trebinje,_Bosnia_y_Herzegovina,_2014-04-14,_DD_04.jpg",Christian cross,"The image shows a Serbian Orthodox church built in a traditional Byzantine style, characterized by its red and tan brick patterns, multiple domes, and gold crosses atop the domes. The church is set against a partly cloudy sky with a paved open area in the foreground.",0.8645977079868317,0.3553194403648376,"The Christian cross, seen as a representation of the instrument of the crucifixion of Jesus, is the best-known symbol of Christianity. It is related to the crucifix (a cross that includes a corpus, usually a three-dimensional representation of Jesus' body) and to the more general family of cross symbols, the term cross itself being detached from the original specifically Christian meaning in modern English (as in many other western languages).",0.8645978569984436,0.3196571469306946,0.7080833911895752
1599px-Paris_Notre-Dame_East_View_02.jpeg,Christian cross,"The image shows the rear view of Notre-Dame Cathedral in Paris, featuring its ornate Gothic architecture and spire, surrounded by lush trees and a garden. A stone fountain with a statue stands in the foreground under a clear blue sky.",0.9380723536014556,0.2196328938007354,"The Christian cross, seen as a representation of the instrument of the crucifixion of Jesus, is the best-known symbol of Christianity. It is related to the crucifix (a cross that includes a corpus, usually a three-dimensional representation of Jesus' body) and to the more general family of cross symbols, the term cross itself being detached from the original specifically Christian meaning in modern English (as in many other western languages).",0.9380726516246796,0.18793261051177979,0.6993439197540283
Dreifaltigkeitskirche_süd.jpg,Christian cross,"A red brick church with a tall bell tower and pointed steeple, topped with a weather vane, stands under a clear blue sky. In the foreground, there is a cemetery with various gravestones of different shapes and colors.",0.6671639531850815,0.2991529107093811,"The Christian cross, seen as a representation of the instrument of the crucifixion of Jesus, is the best-known symbol of Christianity. It is related to the crucifix (a cross that includes a corpus, usually a three-dimensional representation of Jesus' body) and to the more general family of cross symbols, the term cross itself being detached from the original specifically Christian meaning in modern English (as in many other western languages).",0.6671639531850815,0.30106180906295776,0.6880127787590027
"1599px-20191002_Fußball,_Männer,_UEFA_Champions_League,_RB_Leipzig_-_Olympique_Lyonnais_by_Stepro_StP_0278.jpg",Competition,"A group of soccer players wearing blue Olympique Lyonnais uniforms celebrate a goal on the field, with one player jumping in the air and others embracing each other near the sideline. The background shows a crowd of spectators and sports advertisements.",0.7471907883882523,0.1942670494318008,"Competition is a rivalry where two or more parties strive for a common goal which cannot be shared: where one's gain is the other's loss (an example of which is a zero-sum game). Competition can arise between entities such as organisms, individuals, economic and social groups, etc. The rivalry can be over attainment of any exclusive goal, including recognition: (e.g. awards, goods, mates, status, prestige), leadership, market share, niches and scarce resources, or a territory.",0.7471905648708344,0.07795161008834839,0.6803213357925415
"1599px-20180920_Fussball,_UEFA_Europa_League,_RB_Leipzig_-_FC_Salzburg_by_Stepro_StP_8051.jpg",Competition,"Two soccer players in white jerseys from RB Leipzig are involved in a match, with one player attempting to tackle another wearing a red jersey who is seated on the grass, while a referee watches the action in the background.",0.8914926648139954,0.1859306097030639,"Competition is a rivalry where two or more parties strive for a common goal which cannot be shared: where one's gain is the other's loss (an example of which is a zero-sum game). Competition can arise between entities such as organisms, individuals, economic and social groups, etc. The rivalry can be over attainment of any exclusive goal, including recognition: (e.g. awards, goods, mates, status, prestige), leadership, market share, niches and scarce resources, or a territory.",0.8914930373430252,0.02256404235959053,0.6765948534011841
"1599px-Georgios_Ntaviotis_&_Daniel_Souček,_U21_CZE-GRE_2019-10-10.jpg",Competition,"Two soccer players are competing for the ball on a rainy field. The player in white from Greece is falling to the ground, while the player in red, wearing number 15, is standing and watching the ball.",0.8267129212617874,0.1168050467967987,"Competition is a rivalry where two or more parties strive for a common goal which cannot be shared: where one's gain is the other's loss (an example of which is a zero-sum game). Competition can arise between entities such as organisms, individuals, economic and social groups, etc. The rivalry can be over attainment of any exclusive goal, including recognition: (e.g. awards, goods, mates, status, prestige), leadership, market share, niches and scarce resources, or a territory.",0.8267128467559814,0.17038768529891968,0.6823920607566833
Atelier_à_l'IFB_-_11_&_12_Mars_2020_(3).jpg,Consumer electronics,"A group of people are sitting around a table in a classroom setting, each working on their own laptops. There is a large screen at the front of the room displaying a webpage, and various items such as water bottles are on the table.",0.6898120045661926,0.2745880782604217,"Consumer electronics or home electronics are electronic (analog or digital) equipment intended for everyday use, typically in private homes. Consumer electronics include devices used for entertainment, communications and recreation. Usually referred to as black goods due to many products being housed in black or dark casings. This term is used to distinguish them from ""white goods"" which are meant for housekeeping tasks, such as washing machines and refrigerators, although nowadays, these would be considered black goods, some of these being connected to the Internet. ",0.6898123770952225,0.12149380147457123,0.7037696242332458
La_Trobe_Uni_Wikimeetup_March_2020.jpg,Consumer electronics,"A group of nine people are sitting around a large table in an office setting, each with a laptop. They are smiling and appear to be having a meeting or collaboration session, with large windows and greenery visible in the background.",0.7350406795740128,0.2146572023630142,"Consumer electronics or home electronics are electronic (analog or digital) equipment intended for everyday use, typically in private homes. Consumer electronics include devices used for entertainment, communications and recreation. Usually referred to as black goods due to many products being housed in black or dark casings. This term is used to distinguish them from ""white goods"" which are meant for housekeeping tasks, such as washing machines and refrigerators, although nowadays, these would be considered black goods, some of these being connected to the Internet. ",0.7350407540798187,0.2124730348587036,0.6963278651237488
1600px-Covariant_Founding_Team_at_Covariant_HQ_Anno_November_2017.jpg,Consumer electronics,"A group of four people are in a well-lit office room with large windows showing a view of mountains and water. Two people are standing near a whiteboard with mathematical equations, while two others are seated at a table with laptops, engaging in a collaborative discussion.",0.6763296574354172,0.1876763850450515,"Consumer electronics or home electronics are electronic (analog or digital) equipment intended for everyday use, typically in private homes. Consumer electronics include devices used for entertainment, communications and recreation. Usually referred to as black goods due to many products being housed in black or dark casings. This term is used to distinguish them from ""white goods"" which are meant for housekeeping tasks, such as washing machines and refrigerators, although nowadays, these would be considered black goods, some of these being connected to the Internet. ",0.6763296574354172,0.07689828425645828,0.6854515671730042
Atelier_à_l'IFB_-_11_&_12_Mars_2020_(3).jpg,Cooperation,"A group of people are sitting around a table in a classroom setting, each working on their own laptops. There is a large screen at the front of the room displaying a webpage, and various items such as water bottles are on the table.",0.6898120045661926,0.1977279335260391,"Cooperation (written as co-operation in British English) is the process of groups of organisms working or acting together for common, mutual, or some underlying benefit, as opposed to working in competition for selfish benefit. Many animal and plant species cooperate both with other members of their own species and with members of other species (symbiosis or mutualism).",0.6898123770952225,0.12149380147457123,0.6778512597084045
La_Trobe_Uni_Wikimeetup_March_2020.jpg,Cooperation,"A group of nine people are sitting around a large table in an office setting, each with a laptop. They are smiling and appear to be having a meeting or collaboration session, with large windows and greenery visible in the background.",0.7350406795740128,0.1976958513259887,"Cooperation (written as co-operation in British English) is the process of groups of organisms working or acting together for common, mutual, or some underlying benefit, as opposed to working in competition for selfish benefit. Many animal and plant species cooperate both with other members of their own species and with members of other species (symbiosis or mutualism).",0.7350407540798187,0.2124730348587036,0.7073906660079956
1600px-Covariant_Founding_Team_at_Covariant_HQ_Anno_November_2017.jpg,Cooperation,"A group of four people are in a well-lit office room with large windows showing a view of mountains and water. Two people are standing near a whiteboard with mathematical equations, while two others are seated at a table with laptops, engaging in a collaborative discussion.",0.6763296574354172,0.2509312629699707,"Cooperation (written as co-operation in British English) is the process of groups of organisms working or acting together for common, mutual, or some underlying benefit, as opposed to working in competition for selfish benefit. Many animal and plant species cooperate both with other members of their own species and with members of other species (symbiosis or mutualism).",0.6763296574354172,0.07689828425645828,0.6880416870117188
"1600px-2019-11-28_14_40_55_A_dinner_table_laid_out_for_Thanksgiving_Dinner_in_the_Parkway_Village_section_of_Ewing_Township,_Mercer_County,_New_Jersey.jpg",Dinner,"A dining table is set for a meal with a variety of dishes including sliced turkey, peas, mashed potatoes, a green salad, deviled eggs, and cranberry sauce, all on a plaid tablecloth. Red plastic cups and white dinner plates are arranged at each place setting.",0.8469849079847336,0.4977890849113464,"Dinner usually refers to what is in many Western cultures the largest and most formal meal of the day, which some Westerners eat in the evening. Historically the largest meal used to be eaten around midday, and called dinner. In Western cultures, especially among the elite, it gradually migrated later in the day over the 16th to 19th centuries. However, the word ""dinner"" can have different meanings depending on culture, and may mean a meal of any size eaten at any time of day. In particular, it is still sometimes used for a meal at noon or in the early afternoon on special occasions, such as a Christmas dinner. In hot climates, people have always tended to eat the main meal in the evening, after the temperature has fallen.",0.8469849079847336,0.23427164554595947,0.6902563571929932
Earth_to_Table_DInner_with_Gunnar_Karl_Gíslason_(15640694895).jpg,Dinner,"Chefs are busy in a professional kitchen, closely collaborating as they carefully arrange food on a long row of plates, preparing multiple identical dishes. The kitchen is well-equipped, bustling with activity, and the chefs are focused on their task.",0.7675421983003616,0.2884120345115661,"Dinner usually refers to what is in many Western cultures the largest and most formal meal of the day, which some Westerners eat in the evening. Historically the largest meal used to be eaten around midday, and called dinner. In Western cultures, especially among the elite, it gradually migrated later in the day over the 16th to 19th centuries. However, the word ""dinner"" can have different meanings depending on culture, and may mean a meal of any size eaten at any time of day. In particular, it is still sometimes used for a meal at noon or in the early afternoon on special occasions, such as a Christmas dinner. In hot climates, people have always tended to eat the main meal in the evening, after the temperature has fallen.",0.7675421237945557,0.2686084508895874,0.6854174733161926
"Thanksgiving_Dinner_Table,_Broward_County_Florida,_1971_02.jpg",Dinner,"A dining table is set with a large roasted turkey as the centerpiece, surrounded by floral china plates, glassware, and a flower arrangement. A person is opening a bottle of champagne, and bookshelves filled with books are in the background under a blue pendant lamp.",1.0009519755840302,0.4469668567180633,"Dinner usually refers to what is in many Western cultures the largest and most formal meal of the day, which some Westerners eat in the evening. Historically the largest meal used to be eaten around midday, and called dinner. In Western cultures, especially among the elite, it gradually migrated later in the day over the 16th to 19th centuries. However, the word ""dinner"" can have different meanings depending on culture, and may mean a meal of any size eaten at any time of day. In particular, it is still sometimes used for a meal at noon or in the early afternoon on special occasions, such as a Christmas dinner. In hot climates, people have always tended to eat the main meal in the evening, after the temperature has fallen.",1.000952124595642,0.10841216146945953,0.6834107637405396
wiki_livingroom.jpg,Furniture,Three people are relaxing in a cozy living room with wooden beams and a brick fireplace. They are sitting on floral-patterned sofas around a wooden coffee table.,0.7934395968914032,0.3982686400413513,"Furniture refers to movable objects intended to support various human activities such as seating (e.g., chairs, stools, and sofas), eating (tables), and sleeping (e.g., beds). Furniture is also used to hold objects at a convenient height for work (as horizontal surfaces above the ground, such as tables and desks), or to store things (e.g., cupboards and shelves). Furniture can be a product of design and is considered a form of decorative art. In addition to furniture's functional role, it can serve a symbolic or religious purpose. It can be made from many materials, including metal, plastic, and wood. Furniture can be made using a variety of woodworking joints which often reflect the local culture.",0.7934398949146271,0.10586287081241608,0.6481833457946777
La_Trobe_Uni_Wikimeetup_March_2020.jpg,Furniture,"A group of nine people are sitting around a large table in an office setting, each with a laptop. They are smiling and appear to be having a meeting or collaboration session, with large windows and greenery visible in the background.",0.7350406795740128,0.3336268961429596,"Furniture refers to movable objects intended to support various human activities such as seating (e.g., chairs, stools, and sofas), eating (tables), and sleeping (e.g., beds). Furniture is also used to hold objects at a convenient height for work (as horizontal surfaces above the ground, such as tables and desks), or to store things (e.g., cupboards and shelves). Furniture can be a product of design and is considered a form of decorative art. In addition to furniture's functional role, it can serve a symbolic or religious purpose. It can be made from many materials, including metal, plastic, and wood. Furniture can be made using a variety of woodworking joints which often reflect the local culture.",0.7350407540798187,0.2124730348587036,0.6734166741371155
1600px-Covariant_Founding_Team_at_Covariant_HQ_Anno_November_2017.jpg,Furniture,"A group of four people are in a well-lit office room with large windows showing a view of mountains and water. Two people are standing near a whiteboard with mathematical equations, while two others are seated at a table with laptops, engaging in a collaborative discussion.",0.6763296574354172,0.3077216744422912,"Furniture refers to movable objects intended to support various human activities such as seating (e.g., chairs, stools, and sofas), eating (tables), and sleeping (e.g., beds). Furniture is also used to hold objects at a convenient height for work (as horizontal surfaces above the ground, such as tables and desks), or to store things (e.g., cupboards and shelves). Furniture can be a product of design and is considered a form of decorative art. In addition to furniture's functional role, it can serve a symbolic or religious purpose. It can be made from many materials, including metal, plastic, and wood. Furniture can be made using a variety of woodworking joints which often reflect the local culture.",0.6763296574354172,0.07689828425645828,0.6635512113571167
Wohnzimmer_Fallada_1.JPG,Furniture,"The image shows a dining room with a round wooden table and four chairs, illuminated by a ceiling light with five lamps. In the background, there's a cabinet displaying china, a large window with sheer curtains, and an open doorway leading to a bright room with a bookshelf and plants.",0.7995538413524628,0.4340619742870331,"Furniture refers to movable objects intended to support various human activities such as seating (e.g., chairs, stools, and sofas), eating (tables), and sleeping (e.g., beds). Furniture is also used to hold objects at a convenient height for work (as horizontal surfaces above the ground, such as tables and desks), or to store things (e.g., cupboards and shelves). Furniture can be a product of design and is considered a form of decorative art. In addition to furniture's functional role, it can serve a symbolic or religious purpose. It can be made from many materials, including metal, plastic, and wood. Furniture can be made using a variety of woodworking joints which often reflect the local culture.",0.7995537668466568,0.21663671731948853,0.6906091570854187
Atelier_à_l'IFB_-_11_&_12_Mars_2020_(3).jpg,Furniture,"A group of people are sitting around a table in a classroom setting, each working on their own laptops. There is a large screen at the front of the room displaying a webpage, and various items such as water bottles are on the table.",0.6898120045661926,0.3288837075233459,"Furniture refers to movable objects intended to support various human activities such as seating (e.g., chairs, stools, and sofas), eating (tables), and sleeping (e.g., beds). Furniture is also used to hold objects at a convenient height for work (as horizontal surfaces above the ground, such as tables and desks), or to store things (e.g., cupboards and shelves). Furniture can be a product of design and is considered a form of decorative art. In addition to furniture's functional role, it can serve a symbolic or religious purpose. It can be made from many materials, including metal, plastic, and wood. Furniture can be made using a variety of woodworking joints which often reflect the local culture.",0.6898123770952225,0.12149380147457123,0.6915239095687866
"1599px-20180920_Fussball,_UEFA_Europa_League,_RB_Leipzig_-_FC_Salzburg_by_Stepro_StP_8051.jpg",Hairstyle,"Two soccer players in white jerseys from RB Leipzig are involved in a match, with one player attempting to tackle another wearing a red jersey who is seated on the grass, while a referee watches the action in the background.",0.8914926648139954,0.0706863775849342,"A hairstyle, hairdo, or haircut refers to the styling of hair, usually on the human scalp. Sometimes, this could also mean an editing of facial or body hair. The fashioning of hair can be considered an aspect of personal grooming, fashion, and cosmetics, although practical, cultural, and popular considerations also influence some hairstyles.",0.8914930373430252,0.02256404235959053,0.6750891208648682
"1599px-Georgios_Ntaviotis_&_Daniel_Souček,_U21_CZE-GRE_2019-10-10.jpg",Hairstyle,"Two soccer players are competing for the ball on a rainy field. The player in white from Greece is falling to the ground, while the player in red, wearing number 15, is standing and watching the ball.",0.8267129212617874,0.0409776456654071,"A hairstyle, hairdo, or haircut refers to the styling of hair, usually on the human scalp. Sometimes, this could also mean an editing of facial or body hair. The fashioning of hair can be considered an aspect of personal grooming, fashion, and cosmetics, although practical, cultural, and popular considerations also influence some hairstyles.",0.8267128467559814,0.17038768529891968,0.6738595962524414
"1599px-20191002_Fußball,_Männer,_UEFA_Champions_League,_RB_Leipzig_-_Olympique_Lyonnais_by_Stepro_StP_0278.jpg",Hairstyle,"A group of soccer players wearing blue Olympique Lyonnais uniforms celebrate a goal on the field, with one player jumping in the air and others embracing each other near the sideline. The background shows a crowd of spectators and sports advertisements.",0.7471907883882523,0.1316443979740142,"A hairstyle, hairdo, or haircut refers to the styling of hair, usually on the human scalp. Sometimes, this could also mean an editing of facial or body hair. The fashioning of hair can be considered an aspect of personal grooming, fashion, and cosmetics, although practical, cultural, and popular considerations also influence some hairstyles.",0.7471905648708344,0.07795161008834839,0.6830219030380249
wiki_livingroom.jpg,Interior design,Three people are relaxing in a cozy living room with wooden beams and a brick fireplace. They are sitting on floral-patterned sofas around a wooden coffee table.,0.7934395968914032,0.2254987359046936,"Interior design is the art and science of enhancing the interior of a building to achieve a healthier and more aesthetically pleasing environment for the people using the space. An interior designer is someone who plans, researches, coordinates, and manages such enhancement projects. Interior design is a multifaceted profession that includes conceptual development, space planning, site inspections, programming, research, communicating with the stakeholders of a project, construction management, and execution of the design.",0.7934398949146271,0.10586287081241608,0.6501590013504028
Living_room_at_35_Yowani_Rd_Rosedale_NSW_all_burnt_in_2019-12-19_bushfire.jpg,Interior design,"A cozy living room with wicker furniture is arranged around a central table, featuring multiple large windows. The room includes a wood-burning stove, shelves with decorative items, and a paper lantern hanging from the ceiling.",0.800609290599823,0.2753225564956665,"Interior design is the art and science of enhancing the interior of a building to achieve a healthier and more aesthetically pleasing environment for the people using the space. An interior designer is someone who plans, researches, coordinates, and manages such enhancement projects. Interior design is a multifaceted profession that includes conceptual development, space planning, site inspections, programming, research, communicating with the stakeholders of a project, construction management, and execution of the design.",0.8006091415882111,0.48254889249801636,0.683760404586792
Wohnzimmer_Fallada_1.JPG,Interior design,"The image shows a dining room with a round wooden table and four chairs, illuminated by a ceiling light with five lamps. In the background, there's a cabinet displaying china, a large window with sheer curtains, and an open doorway leading to a bright room with a bookshelf and plants.",0.7995538413524628,0.2697879374027252,"Interior design is the art and science of enhancing the interior of a building to achieve a healthier and more aesthetically pleasing environment for the people using the space. An interior designer is someone who plans, researches, coordinates, and manages such enhancement projects. Interior design is a multifaceted profession that includes conceptual development, space planning, site inspections, programming, research, communicating with the stakeholders of a project, construction management, and execution of the design.",0.7995537668466568,0.21663671731948853,0.672347366809845
"Oberaargletscher_from_Oberaar,_2010_07.jpeg",Montane Ecosystems,"A glacier flows between steep, rocky mountains under a cloudy sky, leading into a greenish, glacier-fed lake in the foreground. Snow and ice are visible on the peaks and along the glacier's path, while the dark clouds lend a dramatic atmosphere to the scene.",0.8620770275592804,0.2348760813474655,"Montane ecosystems are found on the slopes of mountains. The alpine climate in these regions strongly affects the ecosystem because temperatures fall as elevation increases, causing the ecosystem to stratify. This stratification is a crucial factor in shaping plant community, biodiversity, metabolic processes and ecosystem dynamics for montane ecosystems. Dense montane forests are common at moderate elevations, due to moderate temperatures and high rainfall. At higher elevations, the climate is harsher, with lower temperatures and higher winds, preventing the growth of trees and causing the plant community to transition to montane grasslands, shrublands or alpine tundra. Due to the unique climate conditions of montane ecosystems, they contain increased numbers of endemic species. Montane ecosystems also exhibit variation in ecosystem services, which include carbon storage and water supply.",0.8620771765708923,0.05214773863554001,0.7088711261749268
river.jpeg,Montane Ecosystems,"A panoramic view showcases a lush, green valley with a winding river bordered by dense forests. In the background, cloud-covered mountains create a dramatic and tranquil landscape.",0.6653564423322678,0.2882828116416931,"Montane ecosystems are found on the slopes of mountains. The alpine climate in these regions strongly affects the ecosystem because temperatures fall as elevation increases, causing the ecosystem to stratify. This stratification is a crucial factor in shaping plant community, biodiversity, metabolic processes and ecosystem dynamics for montane ecosystems. Dense montane forests are common at moderate elevations, due to moderate temperatures and high rainfall. At higher elevations, the climate is harsher, with lower temperatures and higher winds, preventing the growth of trees and causing the plant community to transition to montane grasslands, shrublands or alpine tundra. Due to the unique climate conditions of montane ecosystems, they contain increased numbers of endemic species. Montane ecosystems also exhibit variation in ecosystem services, which include carbon storage and water supply.",0.6653564423322678,0.2180483043193817,0.690212607383728
"Lago_de_Como,_Italia,_2016-06-25,_DD_02-06_PAN.jpeg",Montane Ecosystems,"A scenic view of a large lake surrounded by mountains and greenery, with small towns nestled along the lake's edges. The sky is partly cloudy, adding depth to the landscape.",0.6532013416290283,0.1439488381147384,"Montane ecosystems are found on the slopes of mountains. The alpine climate in these regions strongly affects the ecosystem because temperatures fall as elevation increases, causing the ecosystem to stratify. This stratification is a crucial factor in shaping plant community, biodiversity, metabolic processes and ecosystem dynamics for montane ecosystems. Dense montane forests are common at moderate elevations, due to moderate temperatures and high rainfall. At higher elevations, the climate is harsher, with lower temperatures and higher winds, preventing the growth of trees and causing the plant community to transition to montane grasslands, shrublands or alpine tundra. Due to the unique climate conditions of montane ecosystems, they contain increased numbers of endemic species. Montane ecosystems also exhibit variation in ecosystem services, which include carbon storage and water supply.",0.6532014906406403,0.08545190095901489,0.7146716117858887
river.jpeg,Orogeny,"A panoramic view showcases a lush, green valley with a winding river bordered by dense forests. In the background, cloud-covered mountains create a dramatic and tranquil landscape.",0.6653564423322678,0.0864398255944252,An orogeny is an event that leads to both structural deformation and compositional differentiation of the Earth's lithosphere (crust and uppermost mantle) at convergent plate margins. An orogen or orogenic belt develops when a continental plate crumples and is uplifted to form one or more mountain ranges; this involves a series of geological processes collectively called orogenesis. A synorogenic event is one that occurs during an orogeny.,0.6653564423322678,0.2180483043193817,0.6625209450721741
"Lago_de_Como,_Italia,_2016-06-25,_DD_02-06_PAN.jpeg",Orogeny,"A scenic view of a large lake surrounded by mountains and greenery, with small towns nestled along the lake's edges. The sky is partly cloudy, adding depth to the landscape.",0.6532013416290283,0.0111927185207605,An orogeny is an event that leads to both structural deformation and compositional differentiation of the Earth's lithosphere (crust and uppermost mantle) at convergent plate margins. An orogen or orogenic belt develops when a continental plate crumples and is uplifted to form one or more mountain ranges; this involves a series of geological processes collectively called orogenesis. A synorogenic event is one that occurs during an orogeny.,0.6532014906406403,0.08545190095901489,0.6693962216377258
"Oberaargletscher_from_Oberaar,_2010_07.jpeg",Orogeny,"A glacier flows between steep, rocky mountains under a cloudy sky, leading into a greenish, glacier-fed lake in the foreground. Snow and ice are visible on the peaks and along the glacier's path, while the dark clouds lend a dramatic atmosphere to the scene.",0.8620770275592804,0.1872834861278534,An orogeny is an event that leads to both structural deformation and compositional differentiation of the Earth's lithosphere (crust and uppermost mantle) at convergent plate margins. An orogen or orogenic belt develops when a continental plate crumples and is uplifted to form one or more mountain ranges; this involves a series of geological processes collectively called orogenesis. A synorogenic event is one that occurs during an orogeny.,0.8620771765708923,0.05214773863554001,0.6939274668693542
"1443px-Iglesia_Nova_Gracanica,_Trebinje,_Bosnia_y_Herzegovina,_2014-04-14,_DD_04.jpg",Roof,"The image shows a Serbian Orthodox church built in a traditional Byzantine style, characterized by its red and tan brick patterns, multiple domes, and gold crosses atop the domes. The church is set against a partly cloudy sky with a paved open area in the foreground.",0.8645977079868317,0.2771330177783966,"A roof is the top covering of a building, including all materials and constructions necessary to support it on the walls of the building or on uprights, providing protection against rain, snow, sunlight, extremes of temperature, and wind. A roof is part of the building envelope.",0.8645978569984436,0.3196571469306946,0.7359079718589783
Dreifaltigkeitskirche_süd.jpg,Roof,"A red brick church with a tall bell tower and pointed steeple, topped with a weather vane, stands under a clear blue sky. In the foreground, there is a cemetery with various gravestones of different shapes and colors.",0.6671639531850815,0.3464371562004089,"A roof is the top covering of a building, including all materials and constructions necessary to support it on the walls of the building or on uprights, providing protection against rain, snow, sunlight, extremes of temperature, and wind. A roof is part of the building envelope.",0.6671639531850815,0.30106180906295776,0.7051218152046204
1599px-Paris_Notre-Dame_East_View_02.jpeg,Roof,"The image shows the rear view of Notre-Dame Cathedral in Paris, featuring its ornate Gothic architecture and spire, surrounded by lush trees and a garden. A stone fountain with a statue stands in the foreground under a clear blue sky.",0.9380723536014556,0.2194699943065643,"A roof is the top covering of a building, including all materials and constructions necessary to support it on the walls of the building or on uprights, providing protection against rain, snow, sunlight, extremes of temperature, and wind. A roof is part of the building envelope.",0.9380726516246796,0.18793261051177979,0.7164801359176636
"Thanksgiving_Dinner_Table,_Broward_County_Florida,_1971_02.jpg",Tableware,"A dining table is set with a large roasted turkey as the centerpiece, surrounded by floral china plates, glassware, and a flower arrangement. A person is opening a bottle of champagne, and bookshelves filled with books are in the background under a blue pendant lamp.",1.0009519755840302,0.5278898477554321,"Tableware are the dishes or dishware used for setting a table, serving food and dining. It includes cutlery, glassware, serving dishes and other items for practical as well as decorative purposes. The quality, nature, variety and number of objects varies according to culture, religion, number of diners, cuisine and occasion. For example, Middle Eastern, Indian or Polynesian food culture and cuisine sometimes limits tableware to serving dishes, using bread or leaves as individual plates. Cups are not dishes. Special occasions are usually reflected in higher quality tableware.",1.000952124595642,0.10841216146945953,0.7228968143463135
"1600px-2019-11-28_14_40_55_A_dinner_table_laid_out_for_Thanksgiving_Dinner_in_the_Parkway_Village_section_of_Ewing_Township,_Mercer_County,_New_Jersey.jpg",Tableware,"A dining table is set for a meal with a variety of dishes including sliced turkey, peas, mashed potatoes, a green salad, deviled eggs, and cranberry sauce, all on a plaid tablecloth. Red plastic cups and white dinner plates are arranged at each place setting.",0.8469849079847336,0.6320769786834717,"Tableware are the dishes or dishware used for setting a table, serving food and dining. It includes cutlery, glassware, serving dishes and other items for practical as well as decorative purposes. The quality, nature, variety and number of objects varies according to culture, religion, number of diners, cuisine and occasion. For example, Middle Eastern, Indian or Polynesian food culture and cuisine sometimes limits tableware to serving dishes, using bread or leaves as individual plates. Cups are not dishes. Special occasions are usually reflected in higher quality tableware.",0.8469849079847336,0.23427164554595947,0.739165186882019
Earth_to_Table_DInner_with_Gunnar_Karl_Gíslason_(15640694895).jpg,Tableware,"Chefs are busy in a professional kitchen, closely collaborating as they carefully arrange food on a long row of plates, preparing multiple identical dishes. The kitchen is well-equipped, bustling with activity, and the chefs are focused on their task.",0.7675421983003616,0.4682519733905792,"Tableware are the dishes or dishware used for setting a table, serving food and dining. It includes cutlery, glassware, serving dishes and other items for practical as well as decorative purposes. The quality, nature, variety and number of objects varies according to culture, religion, number of diners, cuisine and occasion. For example, Middle Eastern, Indian or Polynesian food culture and cuisine sometimes limits tableware to serving dishes, using bread or leaves as individual plates. Cups are not dishes. Special occasions are usually reflected in higher quality tableware.",0.7675421237945557,0.2686084508895874,0.7209826707839966
Living_room_at_35_Yowani_Rd_Rosedale_NSW_all_burnt_in_2019-12-19_bushfire.jpg,Window,"A cozy living room with wicker furniture is arranged around a central table, featuring multiple large windows. The room includes a wood-burning stove, shelves with decorative items, and a paper lantern hanging from the ceiling.",0.800609290599823,0.326074481010437,"A window is an opening in a wall, door, roof, or vehicle that allows the passage of light and may also allow the passage of sound and sometimes air. Modern windows are usually glazed or covered in some other transparent or translucent material, a sash set in a frame in the opening; the sash and frame are also referred to as a window. Many glazed windows may be opened, to allow ventilation, or closed, to exclude inclement weather. Windows may have a latch or similar mechanism to lock the window shut or to hold it open by various amounts.",0.8006091415882111,0.48254889249801636,0.6954116821289062
wiki_livingroom.jpg,Window,Three people are relaxing in a cozy living room with wooden beams and a brick fireplace. They are sitting on floral-patterned sofas around a wooden coffee table.,0.7934395968914032,0.1484613418579101,"A window is an opening in a wall, door, roof, or vehicle that allows the passage of light and may also allow the passage of sound and sometimes air. Modern windows are usually glazed or covered in some other transparent or translucent material, a sash set in a frame in the opening; the sash and frame are also referred to as a window. Many glazed windows may be opened, to allow ventilation, or closed, to exclude inclement weather. Windows may have a latch or similar mechanism to lock the window shut or to hold it open by various amounts.",0.7934398949146271,0.10586287081241608,0.6485021710395813
Wohnzimmer_Fallada_1.JPG,Window,"The image shows a dining room with a round wooden table and four chairs, illuminated by a ceiling light with five lamps. In the background, there's a cabinet displaying china, a large window with sheer curtains, and an open doorway leading to a bright room with a bookshelf and plants.",0.7995538413524628,0.2372578382492065,"A window is an opening in a wall, door, roof, or vehicle that allows the passage of light and may also allow the passage of sound and sometimes air. Modern windows are usually glazed or covered in some other transparent or translucent material, a sash set in a frame in the opening; the sash and frame are also referred to as a window. Many glazed windows may be opened, to allow ventilation, or closed, to exclude inclement weather. Windows may have a latch or similar mechanism to lock the window shut or to hold it open by various amounts.",0.7995537668466568,0.21663671731948853,0.7106963396072388
